{
  "target": "charges",
  "test_size": 0.2,
  "random_state": 42,
  "metrics_test": {
    "MAE": 4181.194473753651,
    "RMSE": 5796.284659276274,
    "R2": 0.7835929767120722
  }
}