{
  "meta": {
    "target": "charges",
    "test_size": 0.2,
    "random_state": 42,
    "metrics_test": {
      "MAE": 4181.194473753651,
      "RMSE": 5796.284659276274,
      "R2": 0.7835929767120722
    }
  },
  "preprocess": {
    "numeric_features": [
      "age",
      "bmi",
      "children"
    ],
    "numeric_mean": [
      39.357009345794395,
      30.560397196261682,
      1.1074766355140186
    ],
    "numeric_scale": [
      14.067381985138546,
      6.040561000606501,
      1.21541508117497
    ],
    "categorical_features": [
      "sex",
      "smoker",
      "region"
    ],
    "categorical_categories": {
      "sex": [
        "female",
        "male"
      ],
      "smoker": [
        "no",
        "yes"
      ],
      "region": [
        "northeast",
        "northwest",
        "southeast",
        "southwest"
      ]
    },
    "feature_names_out": [
      "age",
      "bmi",
      "children",
      "sex_female",
      "sex_male",
      "smoker_no",
      "smoker_yes",
      "region_northeast",
      "region_northwest",
      "region_southeast",
      "region_southwest"
    ]
  },
  "model": {
    "intercept": 20311.928139319258,
    "coef": [
      3614.975414828001,
      2036.2281228967192,
      516.8902471991513,
      9.295845820507813,
      -9.295845820506676,
      -11825.564427880612,
      11825.56442788062,
      459.58524424372825,
      88.90791801592663,
      -198.27905232091456,
      -350.21410993874247
    ]
  }
}